season	episode	title	arc_name	quote	desc	url	stream
.	.	The Clone Wars Movie (first 26 min)	Jedi Missions	.	While Anakin and Obi-Wan continue to fight on the frontlines in the Battle of Christophsis, the Jedi Council receives an urgent message requesting their help in the kidnapping of Jabba the Hutt's son, Rotta. With communication cut off, the council's new orders are delivered by a spunky surprise visitor -- a new Padawan for Anakin, Ahsoka Tano.	https://www.starwars.com/news/the-clone-wars-rewatch-theatrical-1-of-3	https://www.disneyplus.com/play/24a03eff-e68a-4743-828d-32ba9ffc0c7f
1	2	Rising Malevolence	Jedi Missions	Belief is not a matter of choice, but of conviction.	An attack by a devastating new Separatist weapon -- the powerful starship Malevolence -- leaves Jedi Master Plo Koon and his clone troopers struggling to survive until Anakin and Ahsoka can find them.	https://www.starwars.com/tv-shows/clone-wars/rising-malevolence-episode-guide	https://www.disneyplus.com/video/5bb0c4dc-91f1-434b-974f-1716511ecd4e?cid=DTCI-Synergy-StarWars-Site-Acquisition-StarWars-US-StarWars-NA-EN-DetailsPage-EpisodeGuide_StarWarsTheCloneWars_S01Ep02_BuyWatchCTA-NA
1	13	Jedi Crash	Jedi Missions	Greed and fear of loss are the roots that lead to the tree of evil.	Anakin and Ahsoka arrive at a pitched sky battle to help besieged Jedi General Aayla Secura. Anakin is gravely injured in the fight. Aayla and Ahsoka, along with the now-wounded Anakin, Rex, and the surviving clones, crash land on the uncharted grass-covered planet, Maridun. Forced to leave Anakin behind in order to save him, Aayla teaches Ahsoka why the Jedi have no personal attachments. They make their way to a Lurmen village. Their ruler, Tee Watt Kaa, explains that they're pacifists in this war and are not aligned with either side. Hesitant to have anything to do with the Jedi, Tee Watt Kaa agrees to help save Anakin's life.	https://www.starwars.com/series/clone-wars/jedi-crash-episode-guide	https://www.disneyplus.com/video/28c0b907-8efe-4400-af50-c13c66e18468?cid=DTCI-Synergy-StarWars-Site-Acquisition-StarWars-US-StarWars-NA-EN-DetailsPage-EpisodeGuide_StarWarsTheCloneWars_S01Ep13_BuyWatchCTA-NA
1	9	Cloak of Darkness	Jedi Missions	Ignore your instincts at your peril.	Ahsoka and Jedi Master Luminara escort the captured notorious Separatist leader Nute Gunray to Coruscant so he can stand trial for his crimes. However, they are unaware that Count Dooku has sent his assassin, Asajj Ventress, to free their captive. With the help of Senate Commandos, the Jedi have to thwart Ventress's efforts to free their prisoner, despite the traitorous plans of Senate Guard Captain Argyus.	https://www.starwars.com/tv-shows/clone-wars/cloak-of-darkness-episode-guide	https://www.disneyplus.com/video/96574cf0-9dd5-48f4-9625-545a13cff7db?cid=DTCI-Synergy-StarWars-Site-Acquisition-StarWars-US-StarWars-NA-EN-DetailsPage-EpisodeGuide_StarWarsTheCloneWars_S01Ep09_BuyWatchCTA-NA
1	10	Lair of Grievous	Jedi Missions	Most powerful is he who controls his own power.	Jedi Master Kit Fisto and his former Padawan, the Mon Calamari Jedi Nahdar Vebb, track escaped prisoner Nute Gunray to a remote world. Following Nute into a mysterious den filled with strange creatures, weapons, and war-time artifacts, the Jedi discover it is the trap-laden lair of General Grievous! Learning that Count Dooku has led the Jedi there in order to punish Grievous for his recent failures, the General is determined to prove his abilities and destroy the Jedi. Kit and Nahdar, along with a contingent of clones, must now fight their way past Grievous and his caretaker droid A-4D to avoid being caught in General's evil clutches forever.	https://www.starwars.com/tv-shows/clone-wars/lair-of-grievous-episode-guide	https://www.disneyplus.com/video/3755d2fb-2904-47a2-9315-fd4969401c30?cid=DTCI-Synergy-StarWars-Site-Acquisition-StarWars-US-StarWars-NA-EN-DetailsPage-EpisodeGuide_StarWarsTheCloneWars_S01Ep10_BuyWatchCTA-NA
1	1	Ambush	Jedi Missions	Great leaders inspire greatness in others.	Jedi Master Yoda and three clone troopers -- Jek, Thire, and Rys -- must face off against Count Dooku's dreaded assassin Ventress and her massive droid army to prove the Jedi are strong enough to protect a strategic planet and forge a treaty for the Republic.	https://www.starwars.com/series/clone-wars/ambush-episode-guide	https://www.disneyplus.com/video/0bf87f10-d9a1-44ca-8371-f38543eb3706?cid=DTCI-Synergy-StarWars-Site-Acquisition-StarWars-US-StarWars-NA-EN-DetailsPage-EpisodeGuide_StarWarsTheCloneWars_S01Ep01_BuyWatchCTA-NA
1	19	Storm Over Ryloth	Battle of Ryloth	It is a rough road that leads to the heights of greatness.	Ryloth, home world of the Twi'lek people, has been subjected to military occupation by the droid army of the Separatists, and surrounded by a blockade of Trade Federation battleships. While launching a surprise attack against the blockade, Ahsoka disobeys Anakin's orders and ends up losing most of her squadron. Even though she's emotionally rocked by this failure, Anakin helps her learn to persevere, placing her in charge of another risky attack.	https://www.starwars.com/tv-shows/clone-wars/storm-over-ryloth-episode-guide	https://www.disneyplus.com/video/76710ca6-5a5f-4fbd-8bc3-2a62beba88cf?cid=DTCI-Synergy-StarWars-Site-Acquisition-StarWars-US-StarWars-NA-EN-DetailsPage-EpisodeGuide_StarWarsTheCloneWars_S01Ep19_BuyWatchCTA-NA
1	20	Innocents of Ryloth	Battle of Ryloth	The costs of war can never be truly accounted for.	With the space blockade around Ryloth destroyed, Obi-Wan Kenobi must lead a small clone force into a droid occupied town to sabotage their anti-aircraft guns. Obi-Wan's mission is complicated when he learns the town's inhabitants are being used as living shields. A pair of clones in his platoon forges an unlikely friendship with a refugee Twi'lek girl, Numa, who's been orphaned by the war. Through their relationship with her, the clones begin to understand the real cost of the war...	https://www.starwars.com/tv-shows/clone-wars/innocents-of-ryloth-episode-guide	https://www.disneyplus.com/video/d4f5abd5-3e71-4cef-9928-6be9527fdb89?cid=DTCI-Synergy-StarWars-Site-Acquisition-StarWars-US-StarWars-NA-EN-DetailsPage-EpisodeGuide_StarWarsTheCloneWars_S01Ep20_BuyWatchCTA-NA
1	21	Liberty on Ryloth	Battle of Ryloth	Compromise is a virtue to be cultivated, not a weakness to be despised.	The battle for the Twi'lek homeworld of Ryloth rages as the Republic attempts to drive off the occupying droid army led by Separatist Leader, Wat Tambor. With his forces stretched thin, Mace Windu must convince Twi'lek freedom fighter, Cham Syndulla, to help him save the capital city from the droids' destruction. Initially, the Twi'lek hero is hesitant to aid Mace, but ultimately realizes the Jedi can be trusted and joins with him to liberate the city -- and ultimately the planet -- in the climactic battle.	https://www.starwars.com/tv-shows/clone-wars/liberty-on-ryloth-episode-guide	https://www.disneyplus.com/video/0f87705e-7773-4154-8ff8-fdee5671431d?cid=DTCI-Synergy-StarWars-Site-Acquisition-StarWars-US-StarWars-NA-EN-DetailsPage-EpisodeGuide_StarWarsTheCloneWars_S01Ep21_BuyWatchCTA-NA
2	4	Senate Spy	Return to Geonosis	A true heart should never be doubted.	The Jedi Council suspects that Senator Rush Clovis, an InterGalactic Banking Clan delegate and former colleague of Padmé Amidala, may be working for the Separatists. Against Anakin's wishes, the Council asks Padmé if she would accompany Rush to Cato Neimoidia to uncover any clues regarding the Senator's true allegiances. Padmé agrees, feeling that her past relationship with the Senator -- which for a time had been romantic until she ended it -- might give her an advantage in the investigation. Fending off Anakin's jealousy, as well as an attempt on her life by Neimoidian Lott Dod, Padmé successfully reveals Clovis to be conspiring with the Separatists to build a military droid factory on Geonosis.	https://www.starwars.com/tv-shows/clone-wars/senate-spy-episode-guide	https://www.disneyplus.com/video/094ea69a-1e8f-44cd-9ebb-1551993b5129?cid=DTCI-Synergy-StarWars-Site-Acquisition-StarWars-US-StarWars-NA-EN-DetailsPage-EpisodeGuide_StarWarsTheCloneWars_S02Ep04_BuyWatchCTA-NA
2	5	Landing at Point Rain	Return to Geonosis	Believe in yourself or no one else will.	Anakin, Obi-wan, and Ki-Adi-Mundi lead an invasion to stop Poggle the Lesser and the Geonosians from rebuilding their droid army. Things go terribly awry when Geonosian forces shoot down the Republic ships, which crash off-course. Under mounting pressure to accomplish their mission, Anakin, Obi-Wan, and Ki-Adi-Mundi each have their own set of challenges to overcome -- hordes of enemy troops, deadly traps, unforgiving terrain, and a massive energy shield.	https://www.starwars.com/tv-shows/clone-wars/landing-at-point-rain-episode-guide	https://www.disneyplus.com/video/6ba55d34-2db4-4f82-b219-fc82500ca89a?cid=DTCI-Synergy-StarWars-Site-Acquisition-StarWars-US-StarWars-NA-EN-DetailsPage-EpisodeGuide_StarWarsTheCloneWars_S02Ep05_BuyWatchCTA-NA
2	6	Weapons Factory	Return to Geonosis	No gift is more precious than trust.	Anakin, Ahsoka, Luminara Unduli and her Padawan, Barriss Offee, lead a mission to destroy a droid factory on Geonosis. But Poggle the Lesser has other plans as he deploys his newest weapon, the indestructible super tanks. Desperate to accomplish their mission before the foundry comes online, the Jedi devise a daring plan in which Anakin and Luminara will act as decoys, diverting the super tanks, while Ahsoka and Barriss infiltrate the plant via a labyrinth of catacombs beneath the city. The plan is risky. The stakes are high. It's their only option, but are the Padawans up to the challenge?	https://www.starwars.com/tv-shows/clone-wars/weapons-factory-episode-guide	https://www.disneyplus.com/video/a4fc767f-a20d-4fb6-b8ce-5e9b6ec80dac?cid=DTCI-Synergy-StarWars-Site-Acquisition-StarWars-US-StarWars-NA-EN-DetailsPage-EpisodeGuide_StarWarsTheCloneWars_S02Ep06_BuyWatchCTA-NA
2	17	Bounty Hunters	Bounty Hunters vs. Pirates	Courage makes heroes, but trust builds friendship.	Anakin, Obi-Wan, and Ahsoka crash on Felucia and seek aid from the local spice farmers only to learn that the farmers are the ones who are in real need. Beset by Hondo Ohnaka and his band of pirates who plan to steal their crop, the farmers have contracted four deadly bounty hunters to protect their wares. In an unlikely partnership, the Jedi must work with the farmers' hired guns to beat back Hondo and his brigands.	https://www.starwars.com/tv-shows/clone-wars/bounty-hunters-episode-guide	https://www.disneyplus.com/video/2bfad4dd-0bf4-4c76-a7ce-7e34df37618a?cid=DTCI-Synergy-StarWars-Site-Acquisition-StarWars-US-StarWars-NA-EN-DetailsPage-EpisodeGuide_StarWarsTheCloneWars_S02Ep17_BuyWatchCTA-NA
2	1	Holocron Heist	Cad Bane	A lesson learned is a lesson earned.	Cad Bane has been hired by Darth Sidious to steal a Jedi holocron. The holocrons -- data storage systems that can only be opened through the Force -- are protected within a vault inside the Jedi Temple. Recruiting a changeling posing as a Jedi in his plot, Bane infiltrates the building's security systems and leads Anakin, Obi-Wan and Ahsoka on a chase.	https://www.starwars.com/tv-shows/clone-wars/holocron-heist-episode-guide	https://www.disneyplus.com/video/0eb555a3-9420-4364-aef2-7186f5e4fb4e?cid=DTCI-Synergy-StarWars-Site-Acquisition-StarWars-US-StarWars-NA-EN-DetailsPage-EpisodeGuide_StarWarsTheCloneWars_S02Ep01_BuyWatchCTA-NA
2	2	Cargo of Doom	Cad Bane	Overconfidence is the most dangerous form of carelessness.	Anakin and Ahsoka travel to the planet Devaron in pursuit of Cad Bane, who has stolen a Jedi holocron. Bane has captured Jedi Master Bolla Ropal, keeper of the Kyber crystal, which will reveal data on every known Force-sensitive child in the galaxy when combined with the holocron. Failing to force Ropal to open the holocron, Bane needs another Jedi. Capturing Ahsoka, the bounty hunter forces Anakin to open the holocron to save his Padawan. The holocron's secrets revealed, Bane attempts an escape, but appears to be killed by a clone. Anakin, however, still senses Bane's presence in the Force...	https://www.starwars.com/tv-shows/clone-wars/cargo-of-doom-episode-guide	https://www.disneyplus.com/video/865525da-5daa-4188-9bca-8abd942909fd?cid=DTCI-Synergy-StarWars-Site-Acquisition-StarWars-US-StarWars-NA-EN-DetailsPage-EpisodeGuide_StarWarsTheCloneWars_S02Ep02_BuyWatchCTA-NA
2	3	Children of the Force	Cad Bane	The first step to correcting a mistake is patience.	Cad Bane has stolen a Jedi holocron which holds the secret locations of the galaxy's Force-sensitive children. Bane is tasked by Darth Sidious to kidnap several of the children to train as Sith spies. On one such kidnapping attempt, Bane is captured by Anakin and Ahsoka and brought before Obi-Wan and Mace Windu to have his mind probed. Unable to resist the combined Force powers of the Jedi, Bane agrees to lead Kenobi and Windu to his hidden base while Anakin and Ahsoka venture to Mustafar to save the stolen children from Darth Sidious' evil plot.	https://www.starwars.com/tv-shows/clone-wars/children-of-the-force-episode-guide	https://www.disneyplus.com/video/2b77cbb2-045c-456d-a551-be454175ca28?cid=DTCI-Synergy-StarWars-Site-Acquisition-StarWars-US-StarWars-NA-EN-DetailsPage-EpisodeGuide_StarWarsTheCloneWars_S02Ep03_BuyWatchCTA-NA
2	9	Grievous Intrigue	Pursuit of Grievous	For everything you gain, you lose something else.	Jedi Master Eeth Koth is taken hostage and tortured by General Grievous. Anakin Skywalker, Obi-Wan Kenobi and Adi Gallia devise a daring rescue plan, but they soon realize the General has a plan of his own. The Jedi Knights and the Separatist general try to outmaneuver each other in a ship-to-ship and hand-to-hand battle high over the planet Saleucami.	https://www.starwars.com/tv-shows/clone-wars/grievous-intrigue-episode-guide	https://www.disneyplus.com/video/83357ef1-f768-4f3b-8b03-2f0c2e4617e7?cid=DTCI-Synergy-StarWars-Site-Acquisition-StarWars-US-StarWars-NA-EN-DetailsPage-EpisodeGuide_StarWarsTheCloneWars_S02Ep09_BuyWatchCTA-NA
2	10	The Deserter	Pursuit of Grievous	It is the quest for honor that makes one honorable.	General Grievous is shot down over Saleucami and crash lands in the wilderness. Obi-Wan leads an expedition to find the droid general.   Rex is injured during the search, and must recover in a local farmer's barn, but he is shocked to discover the farmer is a clone deserter.	https://www.starwars.com/series/clone-wars/the-deserter-episode-guide	https://www.disneyplus.com/video/09f9af96-40bd-4e9a-a18d-92fb9f373298?cid=DTCI-Synergy-StarWars-Site-Acquisition-StarWars-US-StarWars-NA-EN-DetailsPage-EpisodeGuide_StarWarsTheCloneWars_S02Ep10_BuyWatchCTA-NA
2	12	The Mandalore Plot	Duchess of Mandalore	If you ignore the past, you jeopardize your future.	Alarming rumors about the peace-abiding Duchess Satine of Mandalore prompt Obi-Wan to investigate the secluded planet. Satine wants to keep Mandalore neutral in the Clone Wars, but the actions of a violent splinter group -- Death Watch -- threaten to push the planet towards war.	https://www.starwars.com/tv-shows/clone-wars/the-mandalore-plot-episode-guide	https://www.disneyplus.com/video/91d2a7e2-8eb1-411d-941e-4bd8babe4e55?cid=DTCI-Synergy-StarWars-Site-Acquisition-StarWars-US-StarWars-NA-EN-DetailsPage-EpisodeGuide_StarWarsTheCloneWars_S02Ep12_BuyWatchCTA-NA
2	13	Voyage of Temptation	Duchess of Mandalore	Fear not for the future, weep not for the past.	Duchess Satine travels from Mandalore to Coruscant on a diplomatic mission, with Obi-Wan Kenobi, Anakin Skywalker and a team of troopers to defend her. As her luxurious starship, Coronet, makes its way through hyperspace, the Jedi must stop several assassination attempts, and Anakin discovers that Obi-Wan and the Duchess have a history together.	https://www.starwars.com/tv-shows/clone-wars/voyage-of-temptation-episode-guide	https://www.disneyplus.com/video/9d2c4240-5a2e-4f2a-ab88-628a5dc68540?cid=DTCI-Synergy-StarWars-Site-Acquisition-StarWars-US-StarWars-NA-EN-DetailsPage-EpisodeGuide_StarWarsTheCloneWars_S02Ep13_BuyWatchCTA-NA
2	14	Duchess of Mandalore	Duchess of Mandalore	In war, truth is the first casualty.	On Coruscant, word reaches Duchess Satine that Death Watch is mobilizing, sparking a pre-emptive Republic invasion. On the run from Republic authorities, Satine and Obi-Wan set off to discover the group's true motives.	https://www.starwars.com/tv-shows/clone-wars/duchess-of-mandalore-episode-guide	https://www.disneyplus.com/video/9aedb852-9abb-4c59-95c3-58f1bfb0cef6?cid=DTCI-Synergy-StarWars-Site-Acquisition-StarWars-US-StarWars-NA-EN-DetailsPage-EpisodeGuide_StarWarsTheCloneWars_S02Ep14_BuyWatchCTA-NA
2	20	Death Trap	Boba Fett's Revenge	Who my father was matters less than my memory of him.	Determined to kill Jedi Master Mace Windu, young Boba Fett poses as a clone cadet and sneaks aboard a Jedi cruiser to plant a bomb in Windu's quarters. But Boba's plan goes awry when the blast fails to kill Mace and, suddenly, every clone aboard is looking for the saboteur. Boba destroys the ship's reactor to create a distraction and, soon, the entire cruiser begins to break apart. Unaware that Boba is the culprit, Boba's new cadet comrades save his life but is he too obsessed with revenge to do the same for them?	https://www.starwars.com/series/clone-wars/death-trap-episode-guide	https://www.disneyplus.com/video/c60abd64-34bd-4141-ab53-3a265a929a7b?cid=DTCI-Synergy-StarWars-Site-Acquisition-StarWars-US-StarWars-NA-EN-DetailsPage-EpisodeGuide_StarWarsTheCloneWars_S02Ep20_BuyWatchCTA-NA
2	21	R2 Come Home	Boba Fett's Revenge	Adversity is friendship's truest test.	Boba Fett and his band of bounty hunters lead Anakin and Mace into a deadly trap on Vanqor. It's up to R2-D2 to journey back to Coruscant and warn the Jedi of their brethrens' peril. Battling beast and bounty hunter along the way, the trusty droid finally communicates his warning to Ahsoka and Plo Koon, who rush to Vanqor to save Mace and Anakin from a fiery death.	https://www.starwars.com/tv-shows/clone-wars/r2-come-home-episode-guide	https://www.disneyplus.com/video/28034e35-c413-4219-8072-444cef55bd64?cid=DTCI-Synergy-StarWars-Site-Acquisition-StarWars-US-StarWars-NA-EN-DetailsPage-EpisodeGuide_StarWarsTheCloneWars_S02Ep21_BuyWatchCTA-NA
2	22	Lethal Trackdown	Boba Fett's Revenge	Insignificant problems, left unchecked, often become significant problems.	Following a nefarious attempt to murder Anakin Skywalker and Mace Windu on Vanqor, Boba Fett and Aurra Sing go into hiding. Jedi Master Plo Koon and Ahsoka Tano set out to capture the bounty hunters. While combing through the lower depths of the Coruscant underworld, Plo and Ahsoka finally learn that Fett and his group are hiding out on Florrum. In a dramatic showdown, Fett is abandoned by Aurra Sing, leaving young Boba angry and bitter in Republic custody.	https://www.starwars.com/tv-shows/clone-wars/lethal-trackdown-episode-guide	https://www.disneyplus.com/video/eccba821-6a8a-4007-8ea2-1995ffe5637d?cid=DTCI-Synergy-StarWars-Site-Acquisition-StarWars-US-StarWars-NA-EN-DetailsPage-EpisodeGuide_StarWarsTheCloneWars_S02Ep22_BuyWatchCTA-NA
2	11	Lightsaber Lost	Ahsoka's Adventures	Easy isn't always simple.	During an assignment in the Coruscant underworld, a wily pickpocket steals Ahsoka's lightsaber. Ahsoka enlists the help of an ancient Jedi, Tera Sinube, to track down her weapon and reclaim her honor.	https://www.starwars.com/series/clone-wars/lightsaber-lost-episode-guide	https://www.disneyplus.com/video/07c0124a-5234-4c58-a2f0-79508e3b14b6?cid=DTCI-Synergy-StarWars-Site-Acquisition-StarWars-US-StarWars-NA-EN-DetailsPage-EpisodeGuide_StarWarsTheCloneWars_S02Ep11_BuyWatchCTA-NA
3	6	The Academy	Ahsoka's Adventures	Those who enforce the law must obey the law.	Ahsoka is assigned to teach a class at a leadership academy on Mandalore. Soon after she arrives, Duchess Satine's zealous nephew -- Korkie -- and his classmates uncover a nefarious plot. Prime Minister Almec is revealed to be an active part of the black market conspiracy on Mandalore, and he attempts to permanently silence Duchess Satine and the cadets before they expose his corruption. Ahsoka and the cadets defeat Almec before he can succeed.	https://www.starwars.com/tv-shows/clone-wars/the-academy-episode-guide	https://www.disneyplus.com/video/f464497e-a4e5-44db-922e-d44d1a70fd73?cid=DTCI-Synergy-StarWars-Site-Acquisition-StarWars-US-StarWars-NA-EN-DetailsPage-EpisodeGuide_StarWarsTheCloneWars_S03Ep06_BuyWatchCTA-NA
3	7	Assassin	Ahsoka's Adventures	The future has many paths -- choose wisely.	Tasked to protect Senator Padmé Amidala during a political mission to Alderaan, Padawan Ahsoka Tano is plagued by recurring visions of recently-deceased bounty hunter, Aurra Sing. Unable to clear her mind, Ahsoka worries that the stress of conflict is finally getting to her until her visions indeed prove prophetic. Padmé narrowly avoids death when Aurra Sing attempts to assassinate her. Together, Padmé and Ahsoka trap the hunter, and Ahsoka discovers the true villain behind the plot to kill Padmé: the incarcerated gangster, Ziro the Hutt.	https://www.starwars.com/tv-shows/clone-wars/assassin-episode-guide	https://www.disneyplus.com/video/652f203c-8b9a-4b3f-981a-59915aa99cfb?cid=DTCI-Synergy-StarWars-Site-Acquisition-StarWars-US-StarWars-NA-EN-DetailsPage-EpisodeGuide_StarWarsTheCloneWars_S03Ep07_BuyWatchCTA-NA
3	1	Clone Cadets	Clone Troopers	Brothers in arms are brothers for life.	"Five headstrong clones struggle to complete their training on Kamino. These cadets -- Hevy, Cutup, Droidbait, Fives and Echo -- seem to be a ""bad batch"" and are unable to work as a team. As Shaak Ti and drill instructors Bric and El-Les debate the cadets' fate, the clones learn to work together and accept their destiny as soldiers."	https://www.starwars.com/tv-shows/clone-wars/clone-cadets-episode-guide	https://www.disneyplus.com/video/7851718f-2530-47e2-bf32-a8b498b3efa9?cid=DTCI-Synergy-StarWars-Site-Acquisition-StarWars-US-StarWars-NA-EN-DetailsPage-EpisodeGuide_StarWarsTheCloneWars_S03Ep01_BuyWatchCTA-NA
1	5	Rookies	Clone Troopers	The best confidence builder is experience.	Alone on a distant outpost, clone officers Rex and Cody must inspire their rookie unit to believe in themselves to stave off a droid commando invasion.	https://www.starwars.com/tv-shows/clone-wars/rookies-episode-guide	https://www.disneyplus.com/video/598d1e7b-f39e-4527-9487-b5e891f5eefa?cid=DTCI-Synergy-StarWars-Site-Acquisition-StarWars-US-StarWars-NA-EN-DetailsPage-EpisodeGuide_StarWarsTheCloneWars_S01Ep05_BuyWatchCTA-NA
3	2	ARC Troopers	Clone Troopers	Fighting a war tests a soldier's skills, defending his home tests a soldier's heart.	The Republic learns of an impending Separatist attack on Kamino, and Anakin and Obi-Wan hurry to the planet. After the Republic repulses the Separatists' diversionary assault, the real attack begins. Asajj Ventress, General Grievous and an army of droids rise out of the oceans, bent on destroying Kamino's clone production facilities. Rex, Cody, Fives and Echo lead the clones in a desperate defense of their home planet.	https://www.starwars.com/tv-shows/clone-wars/arc-troopers-episode-guide	https://www.disneyplus.com/video/6e2c8c2f-a7ce-49d5-ad90-88f4a97eb303?cid=DTCI-Synergy-StarWars-Site-Acquisition-StarWars-US-StarWars-NA-EN-DetailsPage-EpisodeGuide_StarWarsTheCloneWars_S03Ep02_BuyWatchCTA-NA
3	10	Heroes on Both Sides	Aggressive Negotiations	Fear is a great motivator.	When the Senate begins debating a bill that would eliminate government oversight of the Banking Clan's activities in order to fund the war, Padmé and Ahsoka travel in secret to the capital of the Confederacy of Independent Systems. Amidala attempts to forge a peace agreement with the Separatists, while Ahsoka sees, for the first time, the people of the Confederacy. Padmé's friend, Mina Bonteri, spearheads the peace initiative, and convinces the Separatist Congress to sue for peace.     Meanwhile, on Coruscant, Senators Lott Dod and Gume Saam conspire with Banking Clan representative Nix Card and Count Dooku to make the banking deregulation a reality. At Dooku's command, General Grievous engineers an attack at the central power distribution grid on Coruscant, carried out by Separatist demolition droids. The chaos and panic spreads to the Senate, which vehemently rejects the Separatist peace initiative.	https://www.starwars.com/tv-shows/clone-wars/heroes-on-both-sides-episode-guide	https://www.disneyplus.com/video/1e012171-5147-461e-b42c-80ee6bed9c29?cid=DTCI-Synergy-StarWars-Site-Acquisition-StarWars-US-StarWars-NA-EN-DetailsPage-EpisodeGuide_StarWarsTheCloneWars_S03Ep10_BuyWatchCTA-NA
3	11	Pursuit of Peace	Aggressive Negotiations	Truth can strike down the spectre of fear.	Padmé, Bail Organa and Onaconda Farr attempt to rally Senators in opposition to a bill that would appropriate funds for millions of new clone troops and have disastrous financial consequences for the Republic. Their opposition to the measure, however, soon makes them targets for intimidation and attacks by hired guns. After escaping two hired thugs -- Chata Hyoki and Robonino -- in a harrowing speeder bike chase, Padmé is able to sway the Senate with a stirring account of how the war has affected an everyday civilian, her handmaiden Teckla Minnau.	https://www.starwars.com/tv-shows/clone-wars/pursuit-of-peace-episode-guide	https://www.disneyplus.com/play/aba036ca-1e5c-4134-97bc-9eba37edf88b
4	14	A Friend in Need	Aggressive Negotiations	Friendship shows us who we really are.	A peace conference between Separatists and Republic delegates is interrupted by Lux Bonteri, the son of a late Separatist Senator, who involves Ahsoka in his dangerous search to find justice for his mother's death.	https://www.starwars.com/series/clone-wars/-episode-guidea-friend-in-need	https://www.disneyplus.com/video/916bff39-2aae-47db-b43a-e22f4179d093?cid=DTCI-Synergy-StarWars-Site-Acquisition-StarWars-US-StarWars-NA-EN-DetailsPage-EpisodeGuide_StarWarsTheCloneWars_S04Ep14_BuyWatchCTA-NA
3	15	Overlords	Secrets of Mortis	Balance is found in the one who faces his guilt.	A mysterious force draws Anakin, Obi-Wan and Ahsoka to a distant planet, and its inhabitants -- a family of exceptionally powerful Force-wielders -- in an attempt to determine whether Anakin is truly the Chosen One. The patriarch of this family, known only as the Father, has spent ages maintaining the balance between his Daughter, who is strong with the light side of the Force, and his Son, who aligns with the dark. The Father reveals his days are numbered, and he seeks Anakin to take his place as the fulcrum of this balance. A series of tests proves that Anakin is capable of controlling both offspring, as the Father does, but Skywalker refuses to take the Father's place.	https://www.starwars.com/tv-shows/clone-wars/overlords-episode-guide	https://www.disneyplus.com/video/48c78dd1-73f6-40ef-9e0d-d469ea00ada8?cid=DTCI-Synergy-StarWars-Site-Acquisition-StarWars-US-StarWars-NA-EN-DetailsPage-EpisodeGuide_StarWarsTheCloneWars_S03Ep15_BuyWatchCTA-NA
3	16	Altar of Mortis	Secrets of Mortis	He who surrenders hope, surrenders life.	Before the Jedi can leave Mortis, the Son takes Ahsoka captive in an attempt to entice Anakin into joining him to use their combined strength to overpower his Father and Sister. To this end, the Son casts Ahsoka under the spell of the dark side.     Meanwhile, the Father attempts to stave off a disastrous showdown between his children and maintain the Force's increasingly precarious balance on the planet. Fearing that the Son may be unstoppable, the Daughter does the forbidden by taking Obi-Wan Kenobi to the Altar of Mortis, wherein is kept the Dagger of Mortis, a weapon capable of killing a Force-wielder. The Son steals the weapon, and attempts to use it against his Father to steal his power and end his rule, but the Daughter sacrifices herself, placing herself in front of the blade.	https://www.starwars.com/tv-shows/clone-wars/altar-of-mortis-episode-guide	https://www.disneyplus.com/video/75e60bba-9b85-4531-aec2-7f3b9ed18e4c?cid=DTCI-Synergy-StarWars-Site-Acquisition-StarWars-US-StarWars-NA-EN-DetailsPage-EpisodeGuide_StarWarsTheCloneWars_S03Ep16_BuyWatchCTA-NA
3	17	Ghosts of Mortis	Secrets of Mortis	He who seeks to control fate shall never find peace.	The Jedi remain stranded on Mortis, and the Son, aligned with the dark side of the Force, renews his efforts to convert Anakin as the Jedi prepare for a decisive confrontation. Anakin is stunned by images of his dark future. The Son promises him the power to avert this destiny.     The Father recognizes that the Son has broken the rules of time. He wipes Anakin's memory of these future visions, and steals the Mortis Dagger to end the conflict. The Father impales himself, thus preventing the Son from stealing his power. The Son, stunned by this, is run through by Anakin. With all three Force-wielders destroyed, the imbalance in the Force disappears on Mortis. The three Jedi are transplanted back to the galaxy proper, apparently at the moment that they disappeared.	https://www.starwars.com/tv-shows/clone-wars/ghosts-of-mortis-episode-guide	https://www.disneyplus.com/play/62001fe8-19a9-41e5-ae2c-40743960f0e5
3	18	The Citadel	Citadel Prison Break	Adaptation is the key to survival.	With help from R2-D2 and a squad of captured battle droids, an elite team of Jedi and clone troopers led by Obi-Wan and Anakin attempt to free a captive Jedi general, Even Piell, from an impenetrable prison. Despite orders to the contrary, Ahsoka Tano tags along, though she proves indispensable when the infiltration mission begins to evolve. Piell and his fleet officer, Captain Tarkin, are liberated from their cells, but now the fugitives must escape the Citadel itself.	https://www.starwars.com/tv-shows/clone-wars/the-citadel-episode-guide	https://www.disneyplus.com/video/5ce7d03a-c7d7-4e63-8cb1-eae92bcd1349?cid=DTCI-Synergy-StarWars-Site-Acquisition-StarWars-US-StarWars-NA-EN-DetailsPage-EpisodeGuide_StarWarsTheCloneWars_S03Ep18_BuyWatchCTA-NA
3	19	Counterattack	Citadel Prison Break	Anything that can go wrong will.	With freed prisoners in their possession and the brutal warden attempting desperately to thwart them, Obi-Wan and Anakin search for a way out of the Citadel and back to Coruscant. The prison, however, has more traps, perils and pitfalls in store for them than they had imagined and they must work past their differences if they are to escape. Their bid to board their shuttle fails when heavy weapons fire destroys the escape craft. Trooper Echo dies in the blast. The escapees then flee to the caves and call for rescue from the Jedi Temple on Coruscant.	https://www.starwars.com/tv-shows/clone-wars/counterattack-episode-guide	https://www.disneyplus.com/video/da31968a-f4f6-457b-8d4a-9938d5bdb6f0?cid=DTCI-Synergy-StarWars-Site-Acquisition-StarWars-US-StarWars-NA-EN-DetailsPage-EpisodeGuide_StarWarsTheCloneWars_S03Ep19_BuyWatchCTA-NA
3	20	Citadel Rescue	Citadel Prison Break	Without honor, victory is hollow.	After their ship and only way off the planet is destroyed, Anakin and Obi-Wan must lead the escaped prisoners across Lola Sayu's perilous landscape as Plo Koon commands a task force of four cruisers and their fighters through the Separatist defenses in a daring rescue. Even Piell is ravaged by anooba tracking beasts, but before he dies, he passes on his Nexus Routes coordinates to Ahsoka. When the survivors return to Coruscant, Ahsoka knows half the intel, and refuses to disclose it to anyone but the Jedi Council, while Tarkin refuses to hand over his half to anyone other than the Chancellor.	https://www.starwars.com/tv-shows/clone-wars/citadel-rescue-episode-guide	https://www.disneyplus.com/video/8799713b-3cd0-48e7-b32d-aef303971020?cid=DTCI-Synergy-StarWars-Site-Acquisition-StarWars-US-StarWars-NA-EN-DetailsPage-EpisodeGuide_StarWarsTheCloneWars_S03Ep20_BuyWatchCTA-NA
3	21	Padawan Lost	Trandoshan Hunters	Without humility, courage is a dangerous game.	Ahsoka and a group of abducted younglings find themselves trapped on a Trandoshan moon, prey in an elaborate and cruel hunt. The forlorn younglings have lost all hope, despite the best efforts of their spirited leader, Kalifa. Ahsoka rallies them to defend themselves and strike back against the Trandoshan, an effort with deadly consequences.	https://www.starwars.com/tv-shows/clone-wars/padawan-lost-episode-guide	https://www.disneyplus.com/video/e9010f4d-8e53-4100-9e56-37526a34d8cb?cid=DTCI-Synergy-StarWars-Site-Acquisition-StarWars-US-StarWars-NA-EN-DetailsPage-EpisodeGuide_StarWarsTheCloneWars_S03Ep21_BuyWatchCTA-NA
3	22	Wookiee Hunt	Trandoshan Hunters	A great student is what the teacher hopes to be.	As Ahsoka and her youngling allies struggle to evade the Trandoshan hunters, their efforts receive an unexpected boost when a new captive -- Chewbacca the Wookiee -- arrives. Chewie scrounges parts from a wrecked Trandoshan slave ship, assembling a communicator to send out a distress signal. Help arrives in the towering, shaggy form of Wookiee warriors led by General Tarfful. Freed from captivity, Ahsoka returns to the Jedi Temple and is reunited with Anakin Skywalker.	https://www.starwars.com/tv-shows/clone-wars/wookiee-hunt-episode-guide	https://www.disneyplus.com/video/d332b464-3b44-4ace-af1b-bcabcf5f9155?cid=DTCI-Synergy-StarWars-Site-Acquisition-StarWars-US-StarWars-NA-EN-DetailsPage-EpisodeGuide_StarWarsTheCloneWars_S03Ep22_BuyWatchCTA-NA
4	7	Darkness on Umbara	Mutiny on Umbara	The first step toward loyalty is trust.	When Anakin is forced to temporarily turn over command of his clone troopers to a new commander, the Jedi Pong Krell, tensions begin to run high as the clones are assigned with a very deadly mission to take the capital of Umbara.	https://www.starwars.com/tv-shows/clone-wars/darkness-on-umbara-episode-guide	https://www.disneyplus.com/video/f9bfac62-4bb9-443b-905c-db5d978df3f2?cid=DTCI-Synergy-StarWars-Site-Acquisition-StarWars-US-StarWars-NA-EN-DetailsPage-EpisodeGuide_StarWarsTheCloneWars_S04Ep07_BuyWatchCTA-NA
4	8	The General	Mutiny on Umbara	The path of ignorance is guided by fear.	General Krell orders Captain Rex and the clone troopers of the 501st Legion to conquer a heavily fortified Umbaran airbase, and will not accept anything less than victory. It is an almost certain suicide mission, unless the clones can use their ingenuity to defeat their new enemy.	https://www.starwars.com/tv-shows/clone-wars/the-general-episode-guide	https://www.disneyplus.com/video/61e6b80b-ae44-431d-ae37-3ff46db6fdf6?cid=DTCI-Synergy-StarWars-Site-Acquisition-StarWars-US-StarWars-NA-EN-DetailsPage-EpisodeGuide_StarWarsTheCloneWars_S04Ep08_BuyWatchCTA-NA
4	9	Plan of Dissent	Mutiny on Umbara	The wise man leads, the strong man follows.	After the Republic conquers an Umbaran airbase, General Krell orders Rex and his men on towards the heavily fortified capital. Realizing there's a better plan, several clone troopers disobey orders to carry out a rogue, covert operation.	https://www.starwars.com/tv-shows/clone-wars/plan-of-dissent-episode-guide	https://www.disneyplus.com/video/5dfa03d3-ec0c-462e-96b9-9995bb5b7e1d?cid=DTCI-Synergy-StarWars-Site-Acquisition-StarWars-US-StarWars-NA-EN-DetailsPage-EpisodeGuide_StarWarsTheCloneWars_S04Ep09_BuyWatchCTA-NA
4	10	Carnage of Krell	Mutiny on Umbara	Our actions define our legacy.	With two of his men facing execution for disobeying orders, Captain Rex must confront his overly aggressive commander, General Krell. Risking charges of mutiny, Rex must make a dark choice as the true face of the enemy emerges.	https://www.starwars.com/tv-shows/clone-wars/carnage-of-krell-episode-guide	https://www.disneyplus.com/video/3ea87b6f-c298-4847-a69d-05d6ec748f59?cid=DTCI-Synergy-StarWars-Site-Acquisition-StarWars-US-StarWars-NA-EN-DetailsPage-EpisodeGuide_StarWarsTheCloneWars_S04Ep10_BuyWatchCTA-NA
4	11	Kidnapped	Zygerian Slavers	Where we are going always reflects where we came from.	Zygerrian slavers are behind the sudden disappearance of an entire colony of people on the planet Kiros. As Anakin and Ahsoka rush to defuse a series of bombs planted by the slavers, Obi-Wan must fight with their imposing leader.	https://www.starwars.com/tv-shows/clone-wars/kidnapped-episode-guide	https://www.disneyplus.com/video/02bd06fc-230f-4667-b9da-23fb11d66b70?cid=DTCI-Synergy-StarWars-Site-Acquisition-StarWars-US-StarWars-NA-EN-DetailsPage-EpisodeGuide_StarWarsTheCloneWars_S04Ep11_BuyWatchCTA-NA
4	12	Slaves of the Republic	Zygerian Slavers	Those who enslave others inevitably become slaves themselves.	To locate the missing colonists, Anakin, Obi-Wan and Ahsoka go undercover to infiltrate the slavers on Zygerria.  Anakin struggles with his emotions as a wily Zygerrian queen forces him to take questionable actions in order to carry out his mission.	https://www.starwars.com/tv-shows/clone-wars/slaves-of-the-republic-episode-guide	https://www.disneyplus.com/video/22ffd322-9702-403f-93d3-47dc7780e062?cid=DTCI-Synergy-StarWars-Site-Acquisition-StarWars-US-StarWars-NA-EN-DetailsPage-EpisodeGuide_StarWarsTheCloneWars_S04Ep12_BuyWatchCTA-NA
4	13	Escape from Kadavo	Zygerian Slavers	Great hope can come from small sacrifices.	Anakin tries to convince the Zygerrian Queen that she too is a slave and pawn in an evil Separatist plot. Meanwhile, Obi-Wan toils in the slave camps of Kadavo, a grim situation that grows increasingly bleak.	https://www.starwars.com/tv-shows/clone-wars/escape-from-kadavo-episode-guide	https://www.disneyplus.com/video/b2e1fd41-8496-4860-9ef8-80bed1b92754?cid=DTCI-Synergy-StarWars-Site-Acquisition-StarWars-US-StarWars-NA-EN-DetailsPage-EpisodeGuide_StarWarsTheCloneWars_S04Ep13_BuyWatchCTA-NA
4	15	Deception	Obi-Wan Undercover	All warfare is based on deception.	When the Jedi learn of a Separatist plot to kidnap Chancellor Palpatine, one of them must go deep undercover as a hardened criminal to extract information from the conspirators.	https://www.starwars.com/series/clone-wars/deception-episode-guide	https://www.disneyplus.com/video/c639cb21-5137-4090-a440-8f84a171d235?cid=DTCI-Synergy-StarWars-Site-Acquisition-StarWars-US-StarWars-NA-EN-DetailsPage-EpisodeGuide_StarWarsTheCloneWars_S04Ep15_BuyWatchCTA-NA
4	16	Friends and Enemies	Obi-Wan Undercover	Keep your friends close, but keep your enemies closer.	Fleeing across the galaxy with criminal fugitives, a disguised Obi-Wan, Cad Bane and Moralo Eval are tenaciously pursued by Anakin and Ahsoka, who have no idea they're chasing their friend.	https://www.starwars.com/tv-shows/clone-wars/friends-and-enemies-episode-guide	https://www.disneyplus.com/video/8fa14ce6-7c73-48b9-b271-16dffeb62fec?cid=DTCI-Synergy-StarWars-Site-Acquisition-StarWars-US-StarWars-NA-EN-DetailsPage-EpisodeGuide_StarWarsTheCloneWars_S04Ep16_BuyWatchCTA-NA
4	17	The Box	Obi-Wan Undercover	The strong survive, the noble overcome.	The disguised Obi-Wan accompanies Cad Bane and Moralo Eval to Serenno, where they enlist in a brutal competition with other bounty hunters from around the galaxy to determine who will participate in a plot to kidnap the Chancellor.	https://www.starwars.com/tv-shows/clone-wars/the-box-episode-guide	https://www.disneyplus.com/video/f95cb9de-abf7-4d7f-8a65-d9a731a60f47?cid=DTCI-Synergy-StarWars-Site-Acquisition-StarWars-US-StarWars-NA-EN-DetailsPage-EpisodeGuide_StarWarsTheCloneWars_S04Ep17_BuyWatchCTA-NA
4	18	Crisis on Naboo	Obi-Wan Undercover	Trust is the greatest of gifts, but it must be earned.	The Chancellor travels to Naboo to preside over a public ceremony, guarded by Jedi Knights. Dooku and his bounty hunters -- including an undercover Obi-Wan Kenobi -- launch their kidnapping plot.	https://www.starwars.com/tv-shows/clone-wars/crisis-on-naboo-episode-guide	https://www.disneyplus.com/video/ca31a17c-8cb2-4b69-acf5-4f1e399abf5d?cid=DTCI-Synergy-StarWars-Site-Acquisition-StarWars-US-StarWars-NA-EN-DetailsPage-EpisodeGuide_StarWarsTheCloneWars_S04Ep18_BuyWatchCTA-NA
5	2	A War on Two Fronts	Onderon Rebellion	Fear is a malleable weapon.	Anakin, Obi-Wan, Ahsoka, and Rex travel to Onderon, a world under Separatist control. There, they will train a group of insurgent rebels -- including Lux Bonteri -- to help take back the capital city of Iziz from the rule of a duplicitous king.	https://www.starwars.com/tv-shows/clone-wars/a-war-on-two-fronts-episode-guide	https://www.disneyplus.com/video/ede2e807-00f4-4c49-b634-16d7826ef47a?cid=DTCI-Synergy-StarWars-Site-Acquisition-StarWars-US-StarWars-NA-EN-DetailsPage-EpisodeGuide_StarWarsTheCloneWars_S05Ep02_BuyWatchCTA-NA
5	3	Front Runners	Onderon Rebellion	To seek something is to believe in its possibility.	Supervised by Ahsoka, the Onderon rebels infiltrate the capital and carry out a series of strikes on targets throughout the city. As the Separatist-aligned king comes under increasing pressure to deal with the growing rebellion, the rebels choose a new leader.	https://www.starwars.com/tv-shows/clone-wars/front-runners-episode-guide	https://www.disneyplus.com/video/e834cd28-5335-43c7-a5f1-9814431f414c?cid=DTCI-Synergy-StarWars-Site-Acquisition-StarWars-US-StarWars-NA-EN-DetailsPage-EpisodeGuide_StarWarsTheCloneWars_S05Ep03_BuyWatchCTA-NA
5	4	The Soft War	Onderon Rebellion	Struggles often begin and end with the truth.	After a rebel attempt to rescue Onderon's true king, Ramsis Dendup, an unexpected ally steps forward to halt Dendup's execution and aid the rebel cause.	https://www.starwars.com/tv-shows/clone-wars/the-soft-war-episode-guide	https://www.disneyplus.com/video/bda5b155-0414-458c-9c65-457697ae8fb5?cid=DTCI-Synergy-StarWars-Site-Acquisition-StarWars-US-StarWars-NA-EN-DetailsPage-EpisodeGuide_StarWarsTheCloneWars_S05Ep04_BuyWatchCTA-NA
5	5	Tipping Points	Onderon Rebellion	Disobedience is a demand for change.	As a full-scale revolt embroils Onderon, the rebels strike a decisive blow against the planet's Separatist-aligned king. Unfortunately for the rebels, such victory comes at a high price.	https://www.starwars.com/tv-shows/clone-wars/tipping-points-episode-guide	https://www.disneyplus.com/video/682b3543-c8ae-4f19-99f9-411bb43a0467?cid=DTCI-Synergy-StarWars-Site-Acquisition-StarWars-US-StarWars-NA-EN-DetailsPage-EpisodeGuide_StarWarsTheCloneWars_S05Ep05_BuyWatchCTA-NA
5	10	Secret Weapons	Droid Squad	Humility is the only defense against humiliation.	R2-D2 is part of a team of Republic droids chosen for an important mission led by the diminutive Colonel Gascon to obtain an encryption module from a Separatist dreadnought. The droids must overcome numerous challenging obstacles to succeed in this crucial assignment.	https://www.starwars.com/tv-shows/clone-wars/secret-weapons-episode-guide	https://www.disneyplus.com/video/29f4f86d-1c16-47b5-9f2c-9df1e58fc01f?cid=DTCI-Synergy-StarWars-Site-Acquisition-StarWars-US-StarWars-NA-EN-DetailsPage-EpisodeGuide_StarWarsTheCloneWars_S05Ep10_BuyWatchCTA-NA
5	11	A Sunny Day in the Void	Droid Squad	When all seems hopeless, a true hero gives hope.	After a comet damages their shuttle, R2-D2, Colonel Gascon, and the other droids crash on a desolate planet where they must make their way across a bewildering expanse of emptiness to carry out their mission.	https://www.starwars.com/tv-shows/clone-wars/a-sunny-day-in-the-void-episode-guide	https://www.disneyplus.com/video/9c96ac8c-2f1e-463e-8361-218fb2796aff?cid=DTCI-Synergy-StarWars-Site-Acquisition-StarWars-US-StarWars-NA-EN-DetailsPage-EpisodeGuide_StarWarsTheCloneWars_S05Ep11_BuyWatchCTA-NA
5	12	Missing in Action	Droid Squad	A soldier's most powerful weapon is courage.	In a nearly vacant town, R2-D2 and his team find a clone commando suffering from amnesia.	https://www.starwars.com/tv-shows/clone-wars/missing-in-action-episode-guide	https://www.disneyplus.com/video/3f8328ff-925d-4554-808c-5dc2c03c5df7?cid=DTCI-Synergy-StarWars-Site-Acquisition-StarWars-US-StarWars-NA-EN-DetailsPage-EpisodeGuide_StarWarsTheCloneWars_S05Ep12_BuyWatchCTA-NA
5	13	Point of No Return	Droid Squad	You must trust in others or success is impossible.	R2-D2 and his team must stop a sabotaged Jedi cruiser from destroying a crucial Republic conference.	https://www.starwars.com/tv-shows/clone-wars/point-of-no-return-episode-guide	https://www.disneyplus.com/video/7fd11383-337a-43ef-a633-94f357cc511a?cid=DTCI-Synergy-StarWars-Site-Acquisition-StarWars-US-StarWars-NA-EN-DetailsPage-EpisodeGuide_StarWarsTheCloneWars_S05Ep13_BuyWatchCTA-NA
3	12	Nightsisters	Witches of Dathomir	The swiftest path to destruction is through vengeance.	Troubled by Asajj Ventress' growing prowess with the dark side of the Force, Darth Sidious commands Count Dooku to eliminate her. But Ventress survives Dooku's assassination attempt, and the jilted former apprentice vows to take revenge, enlisting the aid of her kinswomen -- the mystical Nightsisters -- in her sinister scheme.     Mother Talzin, leader of the Nightsisters, veils Asajj and her fellow assassins in a cloak of invisibility, and they infiltrate Dooku's palace on Serenno. Though they fail to kill the Count, their use of captured Jedi lightsabers leads Dooku to mistakenly believe that the Jedi have tried to kill him. Interested in protection, he requests a new apprentice from Mother Talzin.	https://www.starwars.com/tv-shows/clone-wars/nightsisters-episode-guide	https://www.disneyplus.com/video/7efbccb3-2bc5-4271-8e20-ab78c9efbccc?cid=DTCI-Synergy-StarWars-Site-Acquisition-StarWars-US-StarWars-NA-EN-DetailsPage-EpisodeGuide_StarWarsTheCloneWars_S03Ep12_BuyWatchCTA-NA
3	13	Monster	Witches of Dathomir	Evil is not born, it is taught.	When Count Dooku calls upon the Nightsisters seeking a replacement for Ventress, she and her kin seize the opportunity to exact revenge. Ventress visits the far side of Dathomir and the males of the planet seeking the most brutal and powerful warrior among them. Talzin has Asajj secretly select a warrior from the distant Nightbrother village: Savage Opress. With the power of dark magic, Talzin transforms Savage into a hulking warrior ultimately loyal to Asajj. She then delivers Opress to Dooku, where he will serve as his secret Sith apprentice in a plot to overthrow Darth Sidious.	https://www.starwars.com/tv-shows/clone-wars/monster-episode-guide	https://www.disneyplus.com/video/60ae22d3-0e23-42ae-9931-30076c8cd519?cid=DTCI-Synergy-StarWars-Site-Acquisition-StarWars-US-StarWars-NA-EN-DetailsPage-EpisodeGuide_StarWarsTheCloneWars_S03Ep13_BuyWatchCTA-NA
3	14	Witches of the Mist	Witches of Dathomir	The path to evil may bring great power, but not loyalty.	Anakin and Obi-Wan, sent to track down the mysterious figure behind the deaths of several Jedi, soon find themselves on the trail of the monstrous apprentice that Ventress has created: Savage Opress, who has been trained in the ways of the Sith by Dooku.     When Opress returns to Count Dooku after an unsuccessful assignment, Ventress strikes. With Opress at her side, she attacks Dooku. Opress' loyalty is fleeting, however, and Dooku and Ventress discover that this new apprentice has a will of his own.     When Savage returns to Mother Talzin, she gives him a new task: To seek the Outer Rim for his long-lost brother....	https://www.starwars.com/tv-shows/clone-wars/witches-of-the-mist-episode-guide	https://www.disneyplus.com/video/43682151-f351-4280-9a86-ca1986ac7a72?cid=DTCI-Synergy-StarWars-Site-Acquisition-StarWars-US-StarWars-NA-EN-DetailsPage-EpisodeGuide_StarWarsTheCloneWars_S03Ep14_BuyWatchCTA-NA
4	19	Massacre	Witches of Dathomir	One must let go of the past to hold on to the future.	Count Dooku is determined to have revenge against the Nightsisters of Dathomir after their betrayal. General Grievous launches an all-out droid attack against the magic-wielding witches, and Mother Talzin and Asajj Ventress lead the defense with all the dark powers at their command.	https://www.starwars.com/tv-shows/clone-wars/massacre-episode-guide	https://www.disneyplus.com/video/2467b031-3144-40b8-a3c2-55160986820d?cid=DTCI-Synergy-StarWars-Site-Acquisition-StarWars-US-StarWars-NA-EN-DetailsPage-EpisodeGuide_StarWarsTheCloneWars_S04Ep19_BuyWatchCTA-NA
5	6	The Gathering	Younglings in Danger	He who faces himself, finds himself.	Ahsoka escorts a group of younglings to Ilum, where they will learn from Yoda and undergo a crucial rite of passage: the construction of their lightsabers. They grapple with both physical and inner challenges as they face the dangerous task ahead of them.	https://www.starwars.com/tv-shows/clone-wars/the-gathering-episode-guide	https://www.disneyplus.com/video/dce32899-0e62-479d-b33a-37ca69ad9565?cid=DTCI-Synergy-StarWars-Site-Acquisition-StarWars-US-StarWars-NA-EN-DetailsPage-EpisodeGuide_StarWarsTheCloneWars_S05Ep06_BuyWatchCTA-NA
5	7	A Test of Strength	Younglings in Danger	The young are often underestimated.	As the younglings return from Ilum with Ahsoka, their ship comes under attack by Hondo's gang of pirates. The children must use ingenious and improvised traps to thwart the brigands.	https://www.starwars.com/tv-shows/clone-wars/a-test-of-strength-episode-guide	https://www.disneyplus.com/video/da339c6c-de91-40f2-a091-09cb11a80f17?cid=DTCI-Synergy-StarWars-Site-Acquisition-StarWars-US-StarWars-NA-EN-DetailsPage-EpisodeGuide_StarWarsTheCloneWars_S05Ep07_BuyWatchCTA-NA
5	8	Bound for Rescue	Younglings in Danger	When we rescue others, we rescue ourselves.	With Ahsoka captured by Hondo's pirates, the younglings work together to infiltrate the pirates' den, using their wits and courage to deceive Hondo Ohnaka and launch a daring rescue.	https://www.starwars.com/series/clone-wars/bound-for-rescue-episode-guide	https://www.disneyplus.com/video/8cc2c6fb-ec6b-406e-a334-bb44f2fed008?cid=DTCI-Synergy-StarWars-Site-Acquisition-StarWars-US-StarWars-NA-EN-DetailsPage-EpisodeGuide_StarWarsTheCloneWars_S05Ep08_BuyWatchCTA-NA
5	9	A Necessary Bond	Younglings in Danger	Choose your enemies wisely, as they may be your last hope.	When General Grievous launches a full-scale attack on the pirate base on Florrum, Ahsoka and the younglings fight side-by-side with Hondo and his pirates to turn back the Separatist forces.	https://www.starwars.com/series/clone-wars/a-necessary-bond-episode-guide	https://www.disneyplus.com/video/06eb2462-5d0c-42a9-a1b4-acc9ccfd109e?cid=DTCI-Synergy-StarWars-Site-Acquisition-StarWars-US-StarWars-NA-EN-DetailsPage-EpisodeGuide_StarWarsTheCloneWars_S05Ep09_BuyWatchCTA-NA
4	20	Bounty	Ventress: Train Heist	Who we are never changes, who we think we are does.	An aimless Asajj Ventress joins a team of bounty hunters under the leadership of young Boba Fett. On an alien world, they undertake a dangerous but profitable mission that tests the limits of their skills, and the strength of Asajj's character.	https://www.starwars.com/tv-shows/clone-wars/bounty-episode-guide	https://www.disneyplus.com/video/f7e92583-e67e-4ade-8da8-f64a2b38534a?cid=DTCI-Synergy-StarWars-Site-Acquisition-StarWars-US-StarWars-NA-EN-DetailsPage-EpisodeGuide_StarWarsTheCloneWars_S04Ep20_BuyWatchCTA-NA
4	21	Brothers	Revival	A fallen enemy may rise again, but the reconciled one is truly vanquished.	The dark warrior Savage Opress is on a quest to find his long-lost brother. Could Darth Maul truly be alive, after more than a decade since his gruesome bisection at the blade of Obi-Wan Kenobi? Savage voyages into the depths of a twisted planet to find whatever became of the fallen Sith Lord.	https://www.starwars.com/tv-shows/clone-wars/brothers-episode-guide	https://www.disneyplus.com/video/ea059b38-a21c-4ff2-8e64-6c3bda2d6afc?cid=DTCI-Synergy-StarWars-Site-Acquisition-StarWars-US-StarWars-NA-EN-DetailsPage-EpisodeGuide_StarWarsTheCloneWars_S04Ep21_BuyWatchCTA-NA
4	22	Revenge	Revival	The enemy of my enemy is my friend.	Savage and Maul, now reunited, pursue Obi-Wan Kenobi in search of revenge, and the Jedi Knight finds himself forced to unite with a surprising ally to defend against the deadly siblings.	https://www.starwars.com/tv-shows/clone-wars/revenge-episode-guide	https://www.disneyplus.com/video/6a302c32-b9bb-4d73-b69d-7698df40ae54?cid=DTCI-Synergy-StarWars-Site-Acquisition-StarWars-US-StarWars-NA-EN-DetailsPage-EpisodeGuide_StarWarsTheCloneWars_S04Ep22_BuyWatchCTA-NA
5	1	Revival	Revival	Strength in character can defeat strength in numbers.	Fueled by vengeance and rage, the newly reunited brothers Savage Opress and Darth Maul spread terror and violence across the galaxy. As the Sith brothers forcibly recruit Hondo Ohnaka and his pirates, Obi-Wan Kenobi and Adi Gallia chase them down, leading to a deadly confrontation.	https://www.starwars.com/tv-shows/clone-wars/revival-episode-guide	https://www.disneyplus.com/video/46bf27c0-bc74-404a-98de-56bbe187d941?cid=DTCI-Synergy-StarWars-Site-Acquisition-StarWars-US-StarWars-NA-EN-DetailsPage-EpisodeGuide_StarWarsTheCloneWars_S05Ep01_BuyWatchCTA-NA
5	14	Eminence	The Shadow Collective	One vision can have many interpretations.	Savage and Maul forge an alliance with Death Watch to target a common enemy: Obi-Wan Kenobi.	https://www.starwars.com/tv-shows/clone-wars/eminence-episode-guide	https://www.disneyplus.com/video/bce6b831-36ff-4ef7-9c85-7ae8030cdbcb?cid=DTCI-Synergy-StarWars-Site-Acquisition-StarWars-US-StarWars-NA-EN-DetailsPage-EpisodeGuide_StarWarsTheCloneWars_S05Ep14_BuyWatchCTA-NA
5	15	Shades Of Reason	The Shadow Collective	Alliances can stall true intentions.	Backed by the criminal underworld, the Sith and Death Watch launch an attack on Mandalore.	https://www.starwars.com/tv-shows/clone-wars/shades-of-reason-episode-guide	https://www.disneyplus.com/video/9fce5334-6a7b-4308-9d90-e50e579b5cbb?cid=DTCI-Synergy-StarWars-Site-Acquisition-StarWars-US-StarWars-NA-EN-DetailsPage-EpisodeGuide_StarWarsTheCloneWars_S05Ep15_BuyWatchCTA-NA
5	16	The Lawless	The Shadow Collective	Morality separates heroes from villains.	Using Duchess Satine as bait, Darth Maul lures Obi-Wan into a trap.	https://www.starwars.com/tv-shows/clone-wars/the-lawless-episode-guide	https://www.disneyplus.com/video/13bc0d23-46f6-4650-952c-57a19aac17bd?cid=DTCI-Synergy-StarWars-Site-Acquisition-StarWars-US-StarWars-NA-EN-DetailsPage-EpisodeGuide_StarWarsTheCloneWars_S05Ep16_BuyWatchCTA-NA
5	17	Sabotage	Rogue Jedi	Sometimes even the smallest doubt can shake the greatest belief.	Anakin and Ahsoka investigate a deadly bombing at the Jedi Temple.	https://www.starwars.com/tv-shows/clone-wars/sabotage-episode-guide	https://www.disneyplus.com/video/17176f47-85e5-4687-ae84-a3d7f6984415?cid=DTCI-Synergy-StarWars-Site-Acquisition-StarWars-US-StarWars-NA-EN-DetailsPage-EpisodeGuide_StarWarsTheCloneWars_S05Ep17_BuyWatchCTA-NA
5	18	The Jedi Who Knew Too Much	Rogue Jedi	Courage begins by trusting oneself.	As the Republic military takes over the Temple bombing case, Ahsoka finds herself at odds with Admiral Tarkin.	https://www.starwars.com/tv-shows/clone-wars/the-jedi-who-knew-too-much-episode-guide	https://www.disneyplus.com/video/a799d6f3-a50e-4be0-b8f2-8102f11c1bb7?cid=DTCI-Synergy-StarWars-Site-Acquisition-StarWars-US-StarWars-NA-EN-DetailsPage-EpisodeGuide_StarWarsTheCloneWars_S05Ep18_BuyWatchCTA-NA
5	19	To Catch a Jedi	Rogue Jedi	Never become desperate enough to trust the untrustworthy.	The fugitive Ahsoka escapes to the criminal depths of Coruscant.	https://www.starwars.com/tv-shows/clone-wars/to-catch-a-jedi-episode-guide	https://www.disneyplus.com/video/d504b77e-8c64-44a4-b051-ca5e9300d4a9?cid=DTCI-Synergy-StarWars-Site-Acquisition-StarWars-US-StarWars-NA-EN-DetailsPage-EpisodeGuide_StarWarsTheCloneWars_S05Ep19_BuyWatchCTA-NA
5	20	The Wrong Jedi	Rogue Jedi	Never give up hope, no matter how dark things seem.	On trial for murder, Ahsoka faces her greatest challenge.	https://www.starwars.com/tv-shows/clone-wars/the-wrong-jedi-episode-guide	https://www.disneyplus.com/video/c09fcde1-1b4d-40da-af52-5d8fa0611a53?cid=DTCI-Synergy-StarWars-Site-Acquisition-StarWars-US-StarWars-NA-EN-DetailsPage-EpisodeGuide_StarWarsTheCloneWars_S05Ep20_BuyWatchCTA-NA
.	.	A Death on Utapau	Crystal Crisis on Utapau	One crime has to be concealed by another.	Obi-Wan and Anakin investigate a mysterious death of a Jedi Master on Utapau, and uncover a secret Separatist weapons deal the likes of which they have never seen before.	https://swfanon.fandom.com/wiki/A_Death_on_Utapau	https://www.youtube.com/watch?v=TdaXc2wzwv4&t=1s
.	.	In Search of the Crystal	Crystal Crisis on Utapau	The journey is often more important than the destination.	Obi-Wan and Anakin's investigation on Utapau continues, and they allow themselves to be captured by weapons dealers who possess a focusing crystal of unspeakable power.	https://swfanon.fandom.com/wiki/In_Search_of_the_Crystal	https://youtu.be/TdaXc2wzwv4&t=1311s
.	.	Crystal Crisis	Crystal Crisis on Utapau	Absolute power corrupts absolutely.	Obi-Wan and Anakin must escape from Utapau with a kyber crystal before General Grievous and his droid army track them down.	https://swfanon.fandom.com/wiki/Crystal_Crisis	https://youtu.be/TdaXc2wzwv4&t=2569s
.	.	The Big Bang	Crystal Crisis on Utapau	If at first you don't succed, destroy it.	Obi-Wan and Anakin must do all they can to prevent a powerful weapon from falling into General Grievous' hands.	https://swfanon.fandom.com/wiki/The_Big_Bang	https://youtu.be/TdaXc2wzwv4&t=3852s
2	18	The Zillo Beast	The Zillo Beast	Choose what is right, not what is easy.	Desperate to turn the tide of a fierce battle on Malastare and win a strategic alliance with the Dugs, Chancellor Palpatine orders the Jedi to drop the Republic's newest super-weapon, an untested electro proton bomb. Unfortunately, the bomb's blast awakens an ancient and fearsome Zillo Beast, a monster of legendary size and ferocity. Now the Jedi must contain this deadly creature despite the interference of the bloodthirsty Dugs, who have their own agenda.	https://www.starwars.com/series/clone-wars/the-zillo-beast-episode-guide	https://www.disneyplus.com/play/6ecf75b1-75c7-406c-a1d8-8f0050774174
2	19	The Zillo Beast Strikes Back	The Zillo Beast	The most dangerous beast is the beast within.	Per Palpatine's order, Republic forces transport a fearsome Zillo Beast back to Coruscant for scientific study. Eager to extract the beast's secrets for military gain, Palpatine orders his lead scientist to examine, and subsequently, kill the monster. Filled with pain and anger, the Zillo Beast escapes from the lab and begins devastating the city. Soon, Anakin, Padmé, and Palpatine find themselves pursued by the beast while the Jedi fight to contain it. In a climactic showdown, the Jedi are faced with having to save the lives of millions of innocents on Coruscant by destroying the Zillo Beast, the last of its kind.	https://www.starwars.com/series/clone-wars/the-zillo-beast-strikes-back-episode-guide	https://www.disneyplus.com/video/6f2cd6cf-8e7a-42e6-893a-6465f2683648?cid=DTCI-Synergy-StarWars-Site-Acquisition-StarWars-US-StarWars-NA-EN-DetailsPage-EpisodeGuide_StarWarsTheCloneWars_S02Ep19_BuyWatchCTA-NA
6	5	An Old Friend	Banking Clan Corruption	To love is to trust. To trust is to believe.	While on Scipio to fund a mercy mission, Padmé Amidala is called upon by an old friend, Rush Clovis, to help uncover corruption in the Banking Clan. They must evade the bounty hunter Embo to escape the planet with the incriminating information.	https://www.starwars.com/tv-shows/clone-wars/an-old-friend-episode-guide	https://www.disneyplus.com/video/64438a1c-f629-4085-b461-33fac7ea99ba?cid=DTCI-Synergy-StarWars-Site-Acquisition-StarWars-US-StarWars-NA-EN-DetailsPage-EpisodeGuide_StarWarsTheCloneWars_S06Ep05_BuyWatchCTA-NA
6	6	The Rise of Clovis	Banking Clan Corruption	Jealousy is the path to chaos.	Back on Coruscant, Clovis -- known traitor of the Republic -- makes a dubious deal which puts him at the head of the Banking Clan. Anakin's increasing distrust and hatred of Clovis strains his relationship with Padmé to the breaking point.	https://www.starwars.com/tv-shows/clone-wars/the-rise-of-clovis-episode-guide	https://www.disneyplus.com/video/cad54530-94eb-4b92-b380-b0a807d195c5?cid=DTCI-Synergy-StarWars-Site-Acquisition-StarWars-US-StarWars-NA-EN-DetailsPage-EpisodeGuide_StarWarsTheCloneWars_S06Ep06_BuyWatchCTA-NA
6	7	Crisis at the Heart	Banking Clan Corruption	Deceit is the weapon of greed.	Rush Clovis' deal with the Separatists backfires and brings war to the banking world of Scipio.	https://www.starwars.com/tv-shows/clone-wars/crisis-at-the-heart-episode-guide	https://www.disneyplus.com/video/2a2fc61d-3813-4cf8-88a7-cab1975cee35?cid=DTCI-Synergy-StarWars-Site-Acquisition-StarWars-US-StarWars-NA-EN-DetailsPage-EpisodeGuide_StarWarsTheCloneWars_S06Ep07_BuyWatchCTA-NA
6	1	The Unknown	Clone Protocol 66	The truth about yourself is the hardest to accept.	Clone trooper Tup succumbs to a mysterious mental illness that results in the shocking death of a Jedi Master. Unable to account for his murderous actions, Tup is sedated and sent back to Kamino for examination. Meanwhile, Admiral Trench of the Separatists informs Count Dooku of the betrayal, and is convinced that the killing stems from something deeper. Anakin Skywalker and ARC Trooper Fives accompany Tup, but their return trip is ambushed by Separatists.	https://www.starwars.com/tv-shows/clone-wars/the-unknown-episode-guide	https://www.disneyplus.com/video/ec135b2d-d990-4564-99d4-2e3a2ee866bd?cid=DTCI-Synergy-StarWars-Site-Acquisition-StarWars-US-StarWars-NA-EN-DetailsPage-EpisodeGuide_StarWarsTheCloneWars_S06Ep01_BuyWatchCTA-NA
6	2	Conspiracy	Clone Protocol 66	The wise benefit from a second opinion.	In the sterile laboratories of Kamino, the ailing clone trooper Tup and his friend ARC Trooper Fives are quarantined for examination following Tup's shocking murder of a Jedi Master. With the help of medical droid AZI-3, Fives is determined to get to the bottom of Tup's condition and uncovers a secret buried deep within the Republic's cloning program.	https://www.starwars.com/tv-shows/clone-wars/conspiracy-episode-guide	https://www.disneyplus.com/video/d4e8fd92-4d92-494d-8d49-d5b148bdcbb5?cid=DTCI-Synergy-StarWars-Site-Acquisition-StarWars-US-StarWars-NA-EN-DetailsPage-EpisodeGuide_StarWarsTheCloneWars_S06Ep02_BuyWatchCTA-NA
6	3	Fugitive	Clone Protocol 66	When in doubt, go to the source.	The body of clone trooper Tup is scheduled for transport to Coruscant, where Chancellor Palpatine's own doctors will closely examine it. ARC Trooper Fives breaks protocol and defies orders to dig up answers, and discovers that there is an organic construct of unknown purpose hidden in the brains of all clone troopers.	https://www.starwars.com/tv-shows/clone-wars/fugitive-episode-guide	https://www.disneyplus.com/video/e3d63b2f-8e40-4064-9fe8-1f32299f17d3?cid=DTCI-Synergy-StarWars-Site-Acquisition-StarWars-US-StarWars-NA-EN-DetailsPage-EpisodeGuide_StarWarsTheCloneWars_S06Ep03_BuyWatchCTA-NA
6	4	Orders	Clone Protocol 66	The popular belief isn't always the correct one.	Fives continues to push for answers regarding the mystery of the clone contamination and secures an audience with Supreme Chancellor Palpatine. But the situation quickly collapses when Fives is accused of attacking the Chancellor, and he must flee deep into the Coruscant cityscape while pursued by fellow clone troopers.	https://www.starwars.com/tv-shows/clone-wars/orders-episode-guide	https://www.disneyplus.com/video/46c3decc-a11c-4d2e-a792-069ebe535003?cid=DTCI-Synergy-StarWars-Site-Acquisition-StarWars-US-StarWars-NA-EN-DetailsPage-EpisodeGuide_StarWarsTheCloneWars_S06Ep04_BuyWatchCTA-NA
.	.	The Enemy of My Enemy	Son of Dathomir	An ally betrayed is an adversary created.	After forming the Shadow Collective—a criminal organization composed of the Hutts, Black Sun, the Mandalorians, and the fearsome Nightbrothers—Darth Maul wages war against Darth Sidious and his generals, Count Dooku and General Grievous!	https://starwars.fandom.com/wiki/Darth_Maul%E2%80%94Son_of_Dathomir_1	https://www.youtube.com/watch?v=hWAkCt4q3o0
.	.	A Tale of Two Apprentices	Son of Dathomir	Even the largest prey may be caught with the right trap.	After forming the Shadow Collective—a criminal organization composed of the Hutts, Black Sun, the Mandalorians, and the fearsome Nightbrothers—Darth Maul wages war against Darth Sidious and his generals, Count Dooku and General Grievous!	https://starwars.fandom.com/wiki/Darth_Maul%E2%80%94Son_of_Dathomir_2	https://www.youtube.com/watch?v=fqqj5rJd4W4
.	.	Proxy War	Son of Dathomir	A strong foe can make a stronger ally.	After forming the Shadow Collective—a criminal organization composed of the Hutts, Black Sun, the Mandalorians, and the fearsome Nightbrothers—Darth Maul wages war against Darth Sidious and his generals, Count Dooku and General Grievous!	https://starwars.fandom.com/wiki/Darth_Maul%E2%80%94Son_of_Dathomir_3	https://www.youtube.com/watch?v=-0mIrVaGZi4
.	.	Showdown on Dathomir	Son of Dathomir	An alliance built on deception cannot last.	After forming the Shadow Collective—a criminal organization composed of the Hutts, Black Sun, the Mandalorians, and the fearsome Nightbrothers—Darth Maul wages war against Darth Sidious and his generals, Count Dooku and General Grievous!	https://starwars.fandom.com/wiki/Darth_Maul%E2%80%94Son_of_Dathomir_4	https://www.youtube.com/watch?v=R6Lk0YagAS0
6	10	The Lost One	Yoda's Journey	What is lost is often found.	A Jedi mission finds a lightsaber belonging to the long-dead Master Sifo-Dyas, prompting Yoda, Obi-Wan Kenobi, and Anakin Skywalker to begin an investigation into his decade-old disappearance. This sparks Darth Sidious to order Darth Tyranus to clean up any loose ends that may lead the Jedi to discover the truth of the Sith conspiracy.	https://www.starwars.com/series/clone-wars/the-lost-one-episode-guide	https://www.disneyplus.com/video/f8d1131b-c197-4e8e-b1a5-9f9ad5e7cb9b?cid=DTCI-Synergy-StarWars-Site-Acquisition-StarWars-US-StarWars-NA-EN-DetailsPage-EpisodeGuide_StarWarsTheCloneWars_S06Ep10_BuyWatchCTA-NA
6	11	Voices	Yoda's Journey	Madness can sometimes be the path to truth.	Yoda is deeply unsettled when he hears something from beyond the grave: the voice of Qui-Gon Jinn. Knowing that it is impossible for a Jedi to retain his identity after death, the Jedi Council begins to worry that Yoda may be corrupted by the influence of the dark side. Determined to find answers, Yoda escapes the Jedi Temple to follow the disembodied voice.	https://www.starwars.com/series/clone-wars/voices-episode-guide	https://www.disneyplus.com/video/ced4924c-6c39-4346-b07e-d22fb33de653?cid=DTCI-Synergy-StarWars-Site-Acquisition-StarWars-US-StarWars-NA-EN-DetailsPage-EpisodeGuide_StarWarsTheCloneWars_S06Ep11_BuyWatchCTA-NA
6	12	Destiny	Yoda's Journey	Death is just the beginning.	Letting the Force guide him, Yoda voyages into the heart of the galaxy to an ancient world that is one of the wellsprings of the Force and the source of midi-chlorians. Yoda undergoes difficult trials administered by the Five Priestesses, mysterious Force-wielders who hold the secret to immortality.	https://www.starwars.com/series/clone-wars/destiny-episode-guide	https://www.disneyplus.com/video/99e77e6b-d43a-4f6f-b07c-51d48ee4c3bd?cid=DTCI-Synergy-StarWars-Site-Acquisition-StarWars-US-StarWars-NA-EN-DetailsPage-EpisodeGuide_StarWarsTheCloneWars_S06Ep12_BuyWatchCTA-NA
6	13	Sacrifice	Yoda's Journey	Facing all that you fear will free you from yourself.	After many grueling trials, Yoda next travels to the ancient Sith home world of Moraband, where he must face an ancient evil determined to rule the galaxy.	https://www.starwars.com/series/clone-wars/sacrifice-episode-guide	https://www.disneyplus.com/video/37357ff9-88a7-4652-b16e-cda4808d1930?cid=DTCI-Synergy-StarWars-Site-Acquisition-StarWars-US-StarWars-NA-EN-DetailsPage-EpisodeGuide_StarWarsTheCloneWars_S06Ep13_BuyWatchCTA-NA
7	1	The Bad Batch	The Bad Batch	Embrace others for their differences, for that makes you whole.	The clones look to uncover the source of the Separatists' strategies...and bring in an elite squad called the Bad Batch.	https://www.starwars.com/series/clone-wars/the-bad-batch-episode-guide	https://www.disneyplus.com/en-gb/video/9ee46453-c414-4c89-b3ef-b0d4d1c001fc?cid=DTCI-Synergy-StarWars-Site-Acquisition-StarWars-US-StarWars-NA-EN-DetailsPage-EpisodeGuide_StarWarsTheCloneWars_StreamNowCTA-NA
7	2	A Distant Echo	The Bad Batch	The search for truth begins with belief.	Rex, Anakin, and the Bad Batch look to uncover the truth surrounding a mysterious Separatist signal.	https://www.starwars.com/series/clone-wars/a-distant-echo-episode-guide	https://www.disneyplus.com/en-gb/video/cbcde944-1622-4f15-a136-47a85e7f75c1?cid=DTCI-Synergy-StarWars-Site-Acquisition-StarWars-US-StarWars-NA-EN-DetailsPage-EpisodeGuide_StarWarsTheCloneWars_StreamNowCTA-NA
7	3	On the Wings of Keeradaks	The Bad Batch	Survival is one step on the path to living.	Rex has found his friend, Echo, in the clutches of the Techno Union. But the rescue is just beginning.	https://www.starwars.com/series/clone-wars/on-the-wings-of-keeradaks-episode-guide	https://www.disneyplus.com/en-gb/video/1df8336f-23c4-437a-a360-043e5cb26a41?cid=DTCI-Synergy-StarWars-Site-Acquisition-StarWars-US-StarWars-NA-EN-DetailsPage-EpisodeGuide_StarWarsTheCloneWars_StreamNowCTA-NA
7	4	Unfinished Business	The Bad Batch	Trust placed in another is trust earned.	Echo hatches a plan to end the Separatist threat on Anaxes once and for all. But where do his loyalties really lie?	https://www.starwars.com/series/clone-wars/unfinished-business-episode-guide	https://www.disneyplus.com/video/2aba28e0-4dbe-49ab-9512-fa856ff1e791?cid=DTCI-Synergy-StarWars-Site-Acquisition-StarWars-US-StarWars-NA-EN-DetailsPage-EpisodeGuide_StarWarsTheCloneWars_StreamNowCTA-NA
7	5	Gone with a Trace	Ahsoka & The Martez Sisters	If there is no path before you, create your own.	Ahsoka Tano, no longer part of the Jedi Order, finds herself in the lower levels of Coruscant.	https://www.starwars.com/series/clone-wars/gone-with-a-trace-episode-guide	https://www.disneyplus.com/en-gb/video/a1dfba86-2134-41e9-8794-e8040896bef6?cid=DTCI-Synergy-StarWars-Site-Acquisition-StarWars-US-StarWars-NA-EN-DetailsPage-EpisodeGuide_StarWarsTheCloneWars_StreamNowCTA-NA
7	6	Deal No Deal	Ahsoka & The Martez Sisters	Mistakes are valuable lessons often learned too late.	Rafa lands a dangerous job running spice — and she needs Ahsoka and Trace's help.	https://www.starwars.com/series/clone-wars/deal-no-deal-episode-guide	https://www.disneyplus.com/en-gb/video/7ed29bb0-bfff-462c-ae96-f89a4f3f89e2?cid=DTCI-Synergy-StarWars-Site-Acquisition-StarWars-US-StarWars-NA-EN-DetailsPage-EpisodeGuide_StarWarsTheCloneWars_StreamNowCTA-NA
7	7	Dangerous Debt	Ahsoka & The Martez Sisters	Who you were does not have to define who you are.	Captured by the Pyke Syndicate, Ahsoka and the Martez sisters attempt a daring escape.	https://www.starwars.com/series/clone-wars/dangerous-debt-episode-guide	https://www.disneyplus.com/video/468b341b-4d54-4adf-823f-8934ff05800b?cid=DTCI-Synergy-StarWars-Site-Acquisition-StarWars-US-StarWars-NA-EN-DetailsPage-EpisodeGuide_StarWarsTheCloneWars_StreamNowCTA-NA
7	8	Together Again	Ahsoka & The Martez Sisters	You can change who you are, but you cannot run from yourself	Captured by the Pykes once more, Ahsoka and the Martez sisters are running out of options.	https://www.starwars.com/series/clone-wars/together-again-episode-guide	https://www.disneyplus.com/video/c59f5965-71d6-40e5-8650-ddf076125e0d?cid=DTCI-Synergy-StarWars-Site-Acquisition-StarWars-US-StarWars-NA-EN-DetailsPage-EpisodeGuide_StarWarsTheCloneWars_StreamNowCTA-NA
7	9	Old Friends Not Forgotten	Siege of Mandalore		The Siege of Mandalore begins, and Ahsoka turns to Anakin and Obi-Wan for help.	https://www.starwars.com/series/clone-wars/old-friends-not-forgotten-episode-guide	https://www.disneyplus.com/video/0626c961-a67c-4203-bee2-a8166e95b895?cid=DTCI-Synergy-StarWars-Site-Acquisition-StarWars-US-StarWars-NA-EN-DetailsPage-EpisodeGuide_StarWarsTheCloneWars_StreamNowCTA-NA
7	10	The Phantom Apprentice	Siege of Mandalore		The battle for Mandalore continues, and Ahsoka finds herself face to face with Maul.	https://www.starwars.com/series/clone-wars/the-phantom-apprentice-episode-guide	https://www.disneyplus.com/video/24dd0033-1f7d-492e-9114-63a684fa4f78?cid=DTCI-Synergy-StarWars-Site-Acquisition-StarWars-US-StarWars-NA-EN-DetailsPage-EpisodeGuide_StarWarsTheCloneWars_StreamNowCTA-NA
7	11	Shattered	Siege of Mandalore		Maul is captured and the Siege of Mandalore is won. But evil lurks elsewhere, and the galaxy will never be the same.	https://www.starwars.com/series/clone-wars/shattered-episode-guide	https://www.disneyplus.com/video/cfcd7267-d3d1-4e98-92d6-3129b4c8d686?cid=DTCI-Synergy-StarWars-Site-Acquisition-StarWars-US-StarWars-NA-EN-DetailsPage-EpisodeGuide_StarWarsTheCloneWars_StreamNowCTA-NA
7	12	Victory and Death	Siege of Mandalore		In the wake of Order 66, Ahsoka and Rex must work together to survive.	https://www.starwars.com/series/clone-wars/victory-and-death-episode-guide	https://www.disneyplus.com/video/f21bd5ab-d24d-4a4a-b09c-d09d4361148b?cid=DTCI-Synergy-StarWars-Site-Acquisition-StarWars-US-StarWars-NA-EN-DetailsPage-EpisodeGuide_StarWarsTheCloneWars_StreamNowCTA-NA
